{
	"info": {
		"_postman_id": "a1b35243-8461-4b65-a52b-c826e34d8557",
		"name": "clase",
		"schema": "https://schema.getpostman.com/json/collection/v2.1.0/collection.json"
	},
	"item": [
		{
			"name": "Rick&Morty",
			"request": {
				"method": "GET",
				"header": [],
				"url": {
					"raw": "https://rickandmortyapi.com/api/character",
					"protocol": "https",
					"host": [
						"rickandmortyapi",
						"com"
					],
					"path": [
						"api",
						"character"
					]
				}
			},
			"response": []
		},
		{
			"name": "PageR&M",
			"request": {
				"method": "GET",
				"header": [],
				"url": {
					"raw": "https://rickandmortyapi.com/api/character?page=19",
					"protocol": "https",
					"host": [
						"rickandmortyapi",
						"com"
					],
					"path": [
						"api",
						"character"
					],
					"query": [
						{
							"key": "page",
							"value": "19"
						}
					]
				}
			},
			"response": []
		},
		{
			"name": "express",
			"request": {
				"method": "GET",
				"header": [
					{
						"key": "micabecera",
						"value": "JSB09RT",
						"type": "default"
					}
				],
				"url": {
					"raw": "http://localhost:3000/hackaboss?order=ASC&algo=otro",
					"protocol": "http",
					"host": [
						"localhost"
					],
					"port": "3000",
					"path": [
						"hackaboss"
					],
					"query": [
						{
							"key": "order",
							"value": "ASC"
						},
						{
							"key": "algo",
							"value": "otro"
						}
					]
				}
			},
			"response": []
		},
		{
			"name": "expressPost",
			"request": {
				"method": "POST",
				"header": [],
				"body": {
					"mode": "raw",
					"raw": "{\n    \"email\": \"stefano@gmail.com\",\n    \"password\": \"123456\"\n}",
					"options": {
						"raw": {
							"language": "json"
						}
					}
				},
				"url": {
					"raw": "http://localhost:3000/user",
					"protocol": "http",
					"host": [
						"localhost"
					],
					"port": "3000",
					"path": [
						"user"
					]
				}
			},
			"response": []
		},
		{
			"name": "expressDelete",
			"request": {
				"method": "DELETE",
				"header": [],
				"url": {
					"raw": "http://localhost:3000",
					"protocol": "http",
					"host": [
						"localhost"
					],
					"port": "3000"
				}
			},
			"response": []
		}
	]
}